n,promedio_secuencial_s,promedio_binaria_s
1,0.0000004000,0.0000004000
2,0.0000004000,0.0000000000
3,0.0000000000,0.0000002000
4,0.0000002000,0.0000004000
5,0.0000002000,0.0000002000
6,0.0000002000,0.0000002000
7,0.0000002000,0.0000002000
8,0.0000000000,0.0000000000
9,0.0000004000,0.0000002000
10,0.0000002000,0.0000002000
